rot_x	rot_y	rot_z	trans_x	trans_y	trans_z	rmsd	framewise_displacement
-0.000996783	0.0011074	-0.000238147	-0.0306918	0.0639892	-0.00010259		0.0
-0.000466371	0.000890108	-0.000231959	-0.0243171	0.0422634	0.0436327	0.0552352	0.10953038999999999
-0.000358674	0.000961758	-0.000353953	-0.0295901	0.0479273	0.0477052	0.0129554	0.03007644999999999
-0.00050247	0.000633346	0.0	-0.0332327	0.0162001	0.057688	0.0426007	0.08666064999999998
-0.000443604	0.000553313	-0.000321567	-0.0267737	0.0260084	0.0406142	0.0270373	0.05636439999999999
-0.000917622	0.00069691	0.0	-0.0243231	0.0187372	0.0457382	0.0320997	0.0618049
-0.000391686	0.000852367	-0.000543578	-0.0374065	0.0708948	0.00657712	0.0797996	0.16565063
7.282439999999998e-05	0.00052662	-0.00014419	-0.0242687	-0.0008029079999999	0.017472	0.0808713999999999	0.1552126579999999
-9.91543e-05	0.00069691	-2.979210000000001e-07	-0.0242833	-0.0132251	0.0240658	0.0207102	0.043338630950000095
-0.000541559	0.00069691	1.40984e-05	-0.0180332	-0.00332163	0.0240326	0.024785	0.03902682105000001
-0.00120339	0.00069691	-0.000149699	-0.0242494	0.0635155	-0.0402298	0.0965485	0.17859715
9.39096e-05	0.00044776	-0.000149699	-0.0197581	0.000632947	0.0278191	0.109644	0.21274523300000003
2.38207e-05	0.000287848	-0.000149699	-0.0143822	-0.0235539	0.0271407	0.0266319	0.041741191999999996
-0.000354254	0.000232301	-0.000149699	-0.00675756	-0.0243897	0.0073911799999999	0.028065	0.04989104500000009
-0.000647644	0.000287848	-0.000149699	-0.00206801	-0.0081093099999999	0.00482486	0.0220452	0.04098311
0.000349527	0.000287848	-9.81211e-05	-0.0178348	0.0524177	-0.0126136	0.0852901999999999	0.1461697049999999
-0.00028701	0.000287848	-0.000271442	-0.0104076	-0.0323081	-0.0145442	0.0930928	0.134576495
-0.000749635	0.000287848	-0.000149699	-0.00206801	-0.00446826	0.00072913	0.0403162	0.08067116
-0.000397435	3.67552e-05	-0.000149699	-0.00206211	-0.0067246	0.00073819	0.0219679	0.03243594
-0.000392973	9.22123e-05	-0.000149699	-0.00206455	-0.00827724	0.000743631	0.00321346	0.004556476
-0.000132397	5.54483e-05	-0.000149699	-0.00206073	-0.00415185	0.000751235	0.0142385	0.019003813999999997
0.000109596	0.000130162	-5.49338e-05	-0.00206522	-0.0167406	-0.00519235	0.0192916	0.03911042
4.60374e-05	-0.00025765	-0.000149699	-0.0020511	-0.0175817	0.0007674789999999	0.0212867	0.0341218389999999
7.48856e-05	-0.000195674	-0.000149699	-0.00205294	-0.0322974	0.000759764	0.0150263	0.019266464999999896
0.00088236	-0.000247448	3.77695e-05	-0.00208312	-0.0178739	-0.0366278	0.0603452	0.10417708900000001
0.000153168	-0.000608239	0.000126265	0.0132292	-0.0202857	-0.026549	0.0464867	0.08672684500000001
0.000145179	-0.000608239	0.000235836	0.0206918	-0.0155142	-0.0265459	0.0106321	0.018115199999999998
0.000404554	-0.000676261	0.000186263	0.0206913	-0.0139448	-0.0265424	0.0140419	0.020421900000000003
0.000404554	-0.000608239	0.000154176	0.0206936	-0.0108565	-0.0265406	0.00493305	0.008097850000000002
5.42832e-05	-0.000608239	-0.000149699	0.000766402	0.0284118	-0.0662025	0.062872	0.131564688
0.000404554	-0.00107512	-0.000149699	0.00363328	-0.030117	-0.0265372	0.0750711	0.14191856800000002
0.000404554	-0.000869441	0.000247873	0.0179587	-0.0372163	-0.0265322	0.0281065	0.051592269999999996
0.000404554	-0.000952179	0.000214342	0.0206329	-0.0415071	-0.0358182	0.0115961	0.022064450000000003
9.41384e-05	-0.000981147	0.000232866	0.0206209	-0.0413119	-0.0426612	0.0169005	0.024945579999999995
0.000206908	-0.00115144	0.000269472	0.0206176	-0.0301202	-0.0265497	0.0220599	0.04328993000000001
0.000135486	-0.0011431	0.000203818	0.0206417	-0.0301369	-0.0265537	0.00494182	0.007315600000000007
-5.51951e-06	-0.0011387	0.000203818	0.0258702	-0.0301107	-0.0265518	0.00886081	0.012526875499999996
0.000131456	-0.00110881	0.000287629	0.0264366	-0.0301355	-0.0265528	0.00831552	0.013126025500000006
-6.7736e-05	-0.001133	0.000203818	0.0206407	-0.0301292	-0.0365441	0.0156763	0.031153149999999998
0.000404554	-0.00117734	0.000262313	0.0282288	-0.0438472	-0.0265481	0.0294874	0.06005835
0.000335312	-0.00139358	0.000203818	0.0280524	0.000335582	-0.123258	0.10693	0.158267932
0.000765006	-0.00178298	0.000203818	0.042101	-0.0466885	-0.0533955	0.0884353999999999	0.171889882
0.000404554	-0.0019752	0.000353194	0.0421124	-0.0466784	-0.0415765	0.0254647	0.046942899999999996
0.000404554	-0.00139358	0.000305794	0.0351096	-0.0438554	-0.0448154	0.0311341	0.04451569999999999
2.20072e-06	-0.00146381	0.00043625	0.0325268	-0.0466463	-0.0619658	0.0273566	0.05267606400000001
-0.000118569	-0.00162283	0.000203818	0.033465	-0.0466529	-0.0394296	0.0275361	0.04909208599999999
0.00120364	-0.00139358	0.000203818	0.0293515	0.0285606	-0.0688096	0.109851	0.18627995
0.00101302	-0.00165096	0.00055253	0.0420888	-0.0446543	-0.0804615	0.0801507999999999	0.1374397
0.000764982	-0.00173653	0.000358109	0.0371412	-0.0325376	-0.0598199	0.0297801	0.06410735000000001
0.000441784	-0.00173963	0.000578809	0.0371478	-0.0337687	-0.0425729	0.0270234	0.0458346
0.000396184	-0.00163673	0.000640469	0.0420658	-0.0235487	-0.0854025	0.0444795	0.06847560000000001
0.000348078	-0.00179347	0.000303034	0.0420845	-0.0363791	-0.0784085999999999	0.0238601	0.04695705000000009
0.000311797	-0.00162013	0.00031008	0.0421015	-0.0235613	-0.0598098	0.0244635	0.04226694999999989
0.00043921	-0.00139358	0.000203818	0.0385946	-0.0403699	-0.0827615	0.0319581	0.06627845
0.000622777	-0.001639	0.000360654	0.0420988	-0.0235914	-0.0837905	0.0250413	0.05060285000000001
0.00123265	-0.00139358	0.000533061	0.036749	-0.0659822	-0.0872632	0.0536921	0.1025983
0.00122263	-0.0012379	0.000568973	0.0226778	-0.0565347	-0.152868	0.0681339	0.0992041
0.00143464	-0.00116639	0.000203818	0.042167	-0.0579977	-0.143854	0.0294843	0.06239994999999999
0.0007886129999999	-0.00139358	0.000351231	0.0421209	-0.049799	-0.113989	0.0478475	0.08914130000000502
0.000263739	-0.00153682	0.000540913	0.0351968	-0.0562354	-0.12038	0.0312843	0.06264129999999501
0.000184316	-0.00182349	0.000203818	0.0303013	-0.0533219	-0.114001	0.0243128	0.0493474
0.000263739	-0.00148004	0.000203818	0.0182805	-0.0433412	-0.171293	0.0621782	0.10043715
0.000615102	-0.00153174	0.000258253	0.0280117	-0.0821544	-0.116794	0.0685556	0.1259183
0.000644282	-0.00146441	0.000316618	0.0233456	-0.0747245	-0.0913188	0.0273594	0.04531494999999999
0.000700182	-0.00149754	0.000203818	0.023373	-0.0914788	-0.105561	0.0228622	0.041115399999999996
0.000439386	-0.00120759	0.000203818	0.029664	-0.0923931	-0.12631	0.0284004	0.05549160000000001
0.000134147	-0.00167009	0.000203818	0.0326846	-0.0923554	-0.116514	0.0302213	0.05124125
0.000338322	-0.00147198	0.000203818	0.0345247	-0.0852533999999999	-0.107545	0.0185028	0.03802535000000011
-0.000178332	-0.00167009	0.000203818	0.037684	-0.0799213	-0.136423	0.0395907	0.07310759999999988
-0.00014912	-0.00138804	0.000203818	0.0291381	-0.0880669	-0.130976	0.0198208	0.037701599999999974
-7.20692e-05	-0.00167009	6.16469e-05	0.0339081	-0.0856192999999999	-0.121502	0.0196638	0.041755195000000106
-0.000105219	-0.00142153	0.000203818	0.031508	-0.0942581	-0.130167	0.0192021	0.0408979450000001
0.0008204739999999	-0.00144789	9.36449e-05	0.0308698	-0.0650048	-0.163626	0.0678553	0.11646180499999499
0.000262609	-0.00136582	0.000203818	0.0323033	-0.120422	-0.16193	0.064492	0.096052104999995
-0.000148081	-0.00122114	0.000203818	0.032324	-0.120345	-0.155462	0.0234455	0.034334200000000016
-2.7354e-05	-0.001554	0.000203818	0.0322573	-0.106588	-0.131844	0.0323605	0.060121049999999995
0.000270913	-0.0013869	0.000203818	0.0322815	-0.0949149	-0.120023	0.0241473	0.046786649999999985
0.00050127	-0.00153447	0.000203818	0.0322466	-0.103196	-0.14218	0.0278925	0.04936934999999999
0.000398314	-0.00153735	-3.58083e-05	0.0364486	-0.103171	-0.150436	0.0157939	0.02975611499999998
0.00102191	-0.00153735	0.000203818	0.0359797	-0.117782	-0.141048	0.0368962	0.06762901499999997
0.000861464	-0.00153735	0.000117706	0.0378958	-0.138943	-0.152416	0.0259479	0.046772999999999995
0.000602482	-0.00159788	3.59259e-05	0.028742	-0.138096	-0.161546	0.0187968	0.039195405000000016
0.000393425	-0.00153735	-4.21369e-05	0.0335269	-0.156903	-0.148789	0.0267466	0.053731389999999976
0.00035753	-0.00153735	2.89527e-05	0.0335186	-0.150663	-0.173561	0.0257073	0.036369529999999976
-0.000178505	-0.00136836	0.000203818	0.0335635	-0.0590081	-0.232849	0.110534	0.19498231500000002
0.0010826	-0.00153735	0.000203818	0.0413729	-0.125212	-0.165837	0.109548	0.21253004999999997
0.00102871	-0.00160247	0.000203818	0.0402003	-0.11288	-0.150218	0.0203424	0.03507410000000001
0.000447299	-0.00160636	0.000203818	0.0402004	-0.131642	-0.162749	0.0375668	0.06055815000000003
0.000610312	-0.00153735	1.33696e-05	0.0334882	-0.140621	-0.168705	0.0183905	0.04277076999999997
0.00045096	-0.00153735	1.59035e-05	0.0402191	-0.152621	-0.160238	0.0186636	0.03529219500000002
0.000717794	-0.00153735	0.000203818	0.0402117	-0.144972	-0.152219	0.0198756	0.03841282500000001
-7.55407e-06	-0.00143738	4.89075e-05	0.0351707	-0.166088	-0.169625	0.0473777	0.09257442850000004
0.000285389	-0.00153735	5.65308e-05	0.0402176	-0.166164	-0.175044	0.0178092	0.030568718499999998
0.000238766	-0.00153735	-2.66665e-05	0.0402227	-0.166155	-0.179563	0.00651855	0.011024115000000004
0.00011868	-0.0014721	-0.000111928	0.0326441	-0.197717	-0.175873	0.0341419	0.056360475
-0.00010803	-0.00129266	-0.000151067	0.0402879	-0.169838	-0.19539	0.0367199	0.07730425000000003
0.000620624	-0.00153735	-0.000216532	0.0471705	-0.134375	-0.272158	0.0965386	0.17105404999999999
0.000563219	-0.00153735	0.000203818	0.0501601	-0.177323	-0.184345	0.100601	0.15763835
0.000445287	-0.00166646	0.000203818	0.0401874	-0.161643	-0.20934	0.0318599	0.0629998
0.000995403	-0.0016247	0.0	0.0452989	-0.170817	-0.209034	0.0309017	0.0543762
